source,target,model,seed,pr_auc,roc_auc,prevalence,lift,diagonal_protocol,cell_kind,wall_s,peak_rss_gb
cert42,cert52,random_forest,0,0.5932789927051749,0.991400964258022,0.0018842382818976,314.8641010030236,full_source,off_diagonal,12.814045700011777,1.6308212280273438
cert42,cert62,random_forest,0,0.1093980761273038,0.9835487868296772,3.156361862540441e-05,3465.954820505064,full_source,off_diagonal,13.959576499997638,2.322193145751953
cert42,spedia,random_forest,0,0.5544308130836042,0.7346159237454444,0.3203125,1.730905953041496,full_source,off_diagonal,11.818980199983343,1.756877899169922
cert42,lanl,random_forest,0,0.0065996505528488,0.9231216944227804,0.0004515854240541,14.614401177080715,full_source,off_diagonal,12.585812899982557,1.3104171752929688
cert52,cert42,random_forest,0,0.9443846178977932,0.99934576716763,0.0029232687349448,323.0577492272894,full_source,off_diagonal,33.984749700000975,1.7250022888183594
cert52,cert62,random_forest,0,0.4189497569385411,0.9966295643313592,3.156361862540441e-05,13273.18524249763,full_source,off_diagonal,35.512799399963114,2.4923095703125
cert52,spedia,random_forest,0,0.4768631284551767,0.6523338940285954,0.3203125,1.4887434254210394,full_source,off_diagonal,33.157193499966525,1.8079376220703125
cert52,lanl,random_forest,0,0.0046559217969834,0.7488652465636233,0.0004515854240541,10.310168462004116,full_source,off_diagonal,33.82913450000342,1.7724761962890625
cert62,cert42,random_forest,0,0.2416203163902802,0.8117315317368219,0.0029232687349448,82.65415816956614,full_source,off_diagonal,47.79112970002461,2.342445373535156
cert62,cert52,random_forest,0,0.2321259074175665,0.8478300304533698,0.0018842382818976,123.19349927642509,full_source,off_diagonal,48.09744389995467,2.5095367431640625
cert62,spedia,random_forest,0,0.5569073835042896,0.6913022147462853,0.3203125,1.7386376850865626,full_source,off_diagonal,47.49600370001281,2.238636016845703
cert62,lanl,random_forest,0,0.0177637706613745,0.9282176783856556,0.0004515854240541,39.33645710240227,full_source,off_diagonal,47.7120094000129,2.3831329345703125
spedia,cert42,random_forest,0,0.0991642697536743,0.949758544801113,0.0029232687349448,33.92239261764098,full_source,off_diagonal,1.4808580000535585,1.798370361328125
spedia,cert52,random_forest,0,0.0682295153104031,0.9227038433758576,0.0018842382818976,36.21066187111385,full_source,off_diagonal,2.0746090000029653,1.4869232177734375
spedia,cert62,random_forest,0,0.0856938157116821,0.9992692367741328,3.156361862540441e-05,2714.955364550954,full_source,off_diagonal,3.1985963999759406,2.1932411193847656
spedia,lanl,random_forest,0,0.0052607461124941,0.8957032630119327,0.0004515854240541,11.649503797677449,full_source,off_diagonal,1.5981532000005243,1.7362442016601562
lanl,cert42,random_forest,0,0.0031855822678251,0.5245672288686454,0.0029232687349448,1.0897329519330934,full_source,off_diagonal,16.277692200033925,1.3050308227539062
lanl,cert52,random_forest,0,0.0044338253066589,0.6517344646044736,0.0018842382818976,2.3531128463187856,full_source,off_diagonal,16.77280450001126,1.7673072814941406
lanl,cert62,random_forest,0,8.109065370060076e-05,0.6713893781549125,3.156361862540441e-05,2.5691177764812374,full_source,off_diagonal,18.015888299967628,2.395057678222656
lanl,spedia,random_forest,0,0.3629121048900012,0.5270885898514158,0.3203125,1.132993888437077,full_source,off_diagonal,15.81188310001744,1.810340881347656
cert42,cert52,random_forest,1,0.5904848734499637,0.973895756332392,0.0018842382818976,313.3812103930328,full_source,off_diagonal,12.721417600056157,1.7423820495605469
cert42,cert62,random_forest,1,0.1146762324515228,0.974375312466862,3.156361862540441e-05,3633.177609085167,full_source,off_diagonal,13.73010070004966,2.3411178588867188
cert42,spedia,random_forest,1,0.4439635935333108,0.6301163442668909,0.3203125,1.3860326822503362,full_source,off_diagonal,11.51955949998228,1.7758140563964844
cert42,lanl,random_forest,1,0.0075674922352205,0.92023048846,0.0004515854240541,16.75760959528633,full_source,off_diagonal,12.284716200025288,1.3370704650878906
cert52,cert42,random_forest,1,0.9457484857052308,0.9990090091890288,0.0029232687349448,323.52430496714794,full_source,off_diagonal,34.0594667000114,1.7364387512207031
cert52,cert62,random_forest,1,0.3068971419523539,0.9964340218680174,3.156361862540441e-05,9723.129201204569,full_source,off_diagonal,35.42371850000927,2.494029998779297
cert52,spedia,random_forest,1,0.4958824260542075,0.7169890664423886,0.3203125,1.5481207447545993,full_source,off_diagonal,32.94320559996413,1.8096923828125
cert52,lanl,random_forest,1,0.004445533615557,0.9012340520192608,0.0004515854240541,9.844280569658885,full_source,off_diagonal,33.57811520004179,1.771892547607422
cert62,cert42,random_forest,1,0.2557312942397952,0.8113568987162878,0.0029232687349448,87.48128120510229,full_source,off_diagonal,48.235490999999456,2.350250244140625
cert62,cert52,random_forest,1,0.2641114260541017,0.8331901466575984,0.0018842382818976,140.16880380336772,full_source,off_diagonal,48.70667290000711,2.510650634765625
cert62,spedia,random_forest,1,0.5782292227106214,0.6894799551443791,0.3203125,1.8052034269990127,full_source,off_diagonal,47.655414700042456,2.230045318603516
cert62,lanl,random_forest,1,0.0170756798068339,0.9295706110032198,0.0004515854240541,37.81273463952197,full_source,off_diagonal,48.515291399962734,2.3914451599121094
spedia,cert42,random_forest,1,0.0688230334896911,0.9542389329064636,0.0029232687349448,23.54317708357704,full_source,off_diagonal,1.4558899000403471,1.806678771972656
spedia,cert52,random_forest,1,0.0327362662243103,0.909344789544894,0.0018842382818976,17.373740114940038,full_source,off_diagonal,2.045345499995165,1.4819602966308594
spedia,cert62,random_forest,1,0.0806558067253559,0.9966009181389972,3.156361862540441e-05,2555.3409348457585,full_source,off_diagonal,3.204604399972596,2.1883506774902344
spedia,lanl,random_forest,1,0.0070709366149581,0.9128676594132992,0.0004515854240541,15.658026672957735,full_source,off_diagonal,1.6060653000022285,1.731353759765625
lanl,cert42,random_forest,1,0.0028350900036705,0.4811479845720925,0.0029232687349448,0.9698355713177476,full_source,off_diagonal,16.568200699985027,1.2932853698730469
lanl,cert52,random_forest,1,0.0027989534632418,0.5517170170885797,0.0018842382818976,1.4854562133314897,full_source,off_diagonal,17.394689099979587,1.7476959228515625
lanl,cert62,random_forest,1,3.850933960684782e-05,0.5524374339115875,3.156361862540441e-05,1.22005464784868,full_source,off_diagonal,18.38442750001559,2.3741912841796875
lanl,spedia,random_forest,1,0.3428417174796748,0.5131763386599383,0.3203125,1.0703351179853264,full_source,off_diagonal,16.144306700036395,1.78948974609375
cert42,cert52,random_forest,2,0.5992229385738114,0.9892685842113708,0.0018842382818976,318.0186626769592,full_source,off_diagonal,12.780420500028413,1.737457275390625
cert42,cert62,random_forest,2,0.0954071209066806,0.9920475920046568,3.156361862540441e-05,3022.692741252769,full_source,off_diagonal,13.735671699978411,2.34438705444336
cert42,spedia,random_forest,2,0.5018146257739697,0.7044435099523408,0.3203125,1.5666407829041007,full_source,off_diagonal,11.515455699991437,1.779132843017578
cert42,lanl,random_forest,2,0.0032747180050342,0.8703657087960325,0.0004515854240541,7.251602533216169,full_source,off_diagonal,12.13817710004514,1.3405113220214844
cert52,cert42,random_forest,2,0.9453444758706038,0.9990740738297076,0.0029232687349448,323.3861001453341,full_source,off_diagonal,33.01053969998611,1.739910125732422
cert52,cert62,random_forest,2,0.3079618006054935,0.9962997418223192,3.156361862540441e-05,9756.85976504691,full_source,off_diagonal,34.73955939995358,2.49725341796875
cert52,spedia,random_forest,2,0.4075242481860302,0.5856111578357163,0.3203125,1.2722708236051676,full_source,off_diagonal,32.63572030002251,1.8129615783691408
cert52,lanl,random_forest,2,0.0031247931066072,0.8158385979872035,0.0004515854240541,6.919605771493719,full_source,off_diagonal,32.91895720001776,1.8000640869140625
cert62,cert42,random_forest,2,0.2928024140925917,0.807310909536504,0.0029232687349448,100.1626742667962,full_source,off_diagonal,47.42926850001095,2.374744415283203
cert62,cert52,random_forest,2,0.2860715208017992,0.8469316509740841,0.0018842382818976,151.82343101197185,full_source,off_diagonal,47.63133020000532,2.5210952758789062
cert62,spedia,random_forest,2,0.5720032732721014,0.6745164003364171,0.3203125,1.7857663165568043,full_source,off_diagonal,46.561044799978845,2.2601470947265625
cert62,lanl,random_forest,2,0.0146110651485201,0.9302581328517668,0.0004515854240541,32.35504152757928,full_source,off_diagonal,47.332169999950565,2.3808326721191406
spedia,cert42,random_forest,2,0.0740023076357176,0.9584742548808912,0.0029232687349448,25.314917766913226,full_source,off_diagonal,1.4871716999914495,1.7960662841796875
spedia,cert52,random_forest,2,0.0312043331101427,0.9056223218417842,0.0018842382818976,16.560714963670556,full_source,off_diagonal,2.0610675999778323,1.500579833984375
spedia,cert62,random_forest,2,0.0239781947331909,0.9896301272771358,3.156361862540441e-05,759.678255454899,full_source,off_diagonal,3.1207869999925606,2.21487045288086
spedia,lanl,random_forest,2,0.0064904647089617,0.907714326661038,0.0004515854240541,14.372617811030418,full_source,off_diagonal,1.4348958000191487,1.75787353515625
lanl,cert42,random_forest,2,0.0030820376193302,0.5209676389232346,0.0029232687349448,1.0543121070216612,full_source,off_diagonal,16.79579529998591,1.39617919921875
lanl,cert52,random_forest,2,0.0034923413292227,0.5836153459385629,0.0018842382818976,1.853449939306846,full_source,off_diagonal,17.571844900026917,1.7743148803710938
lanl,cert62,random_forest,2,4.7956894629744194e-05,0.5887345563273814,3.156361862540441e-05,1.519372515518402,full_source,off_diagonal,18.93076319998363,2.3831558227539062
lanl,spedia,random_forest,2,0.3779491786160994,0.5933207176899354,0.3203125,1.179938899094164,full_source,off_diagonal,16.450714999984484,1.7985076904296875
cert42,cert52,random_forest,3,0.6002411859662481,0.984334354531105,0.0018842382818976,318.5590653437659,full_source,off_diagonal,12.534290499985218,1.7470474243164062
cert42,cert62,random_forest,3,0.0921738138476976,0.9933411950311036,3.156361862540441e-05,2920.254960041568,full_source,off_diagonal,13.79171060002409,2.3840293884277344
cert42,spedia,random_forest,3,0.4844360572947926,0.7036024670591534,0.3203125,1.5123857398471576,full_source,off_diagonal,11.412300699972548,1.8188133239746087
cert42,lanl,random_forest,3,0.0023849748613925,0.8798447621361241,0.0004515854240541,5.28133711664442,full_source,off_diagonal,12.039943400013726,1.3425636291503906
cert52,cert42,random_forest,3,0.9486520069310508,0.9996319460203456,0.0029232687349448,324.51754968362275,full_source,off_diagonal,33.06549999996787,1.743122100830078
cert52,cert62,random_forest,3,0.3215295592726238,0.9956865877646944,3.156361862540441e-05,10186.714111855234,full_source,off_diagonal,35.368309499986935,2.488140106201172
cert52,spedia,random_forest,3,0.4619985209713177,0.657520325203252,0.3203125,1.4423368459592358,full_source,off_diagonal,33.01340299996082,1.803882598876953
cert52,lanl,random_forest,3,0.001399979388756,0.7184085325897477,0.0004515854240541,3.1001429944034973,full_source,off_diagonal,33.59907170000952,1.7923622131347656
cert62,cert42,random_forest,3,0.2176633356863947,0.8070840363073074,0.0029232687349448,74.45888675387216,full_source,off_diagonal,47.20702450000681,2.40005111694336
cert62,cert52,random_forest,3,0.2419057012448019,0.8389371267187128,0.0018842382818976,128.38381619185586,full_source,off_diagonal,48.1269556999905,2.5307350158691406
cert62,spedia,random_forest,3,0.5321021802811772,0.6702761424165965,0.3203125,1.6611970506339189,full_source,off_diagonal,46.84594610001659,2.2504959106445312
cert62,lanl,random_forest,3,0.0173516065793811,0.9259893891321304,0.0004515854240541,38.42375252860707,full_source,off_diagonal,47.33324000000721,2.3779067993164062
spedia,cert42,random_forest,3,0.0679744523844616,0.9536582728535992,0.0029232687349448,23.25289206972064,full_source,off_diagonal,1.445562700042501,1.7931404113769531
spedia,cert52,random_forest,3,0.0300525633632978,0.912445203869495,0.0018842382818976,15.94944952133758,full_source,off_diagonal,2.013010599999689,1.5911331176757812
spedia,cert62,random_forest,3,0.1486052295385042,0.9976480611957016,3.156361862540441e-05,4708.117637022053,full_source,off_diagonal,3.220276299980469,2.221099853515625
spedia,lanl,random_forest,3,0.0073769172519621,0.9115671166358862,0.0004515854240541,16.335596454234214,full_source,off_diagonal,1.5708598000346683,1.7641029357910156
lanl,cert42,random_forest,3,0.0030324403733563,0.5165854384473293,0.0029232687349448,1.0373457414662155,full_source,off_diagonal,16.534490399993956,1.2976722717285156
lanl,cert52,random_forest,3,0.0029823890720468,0.5954706805270734,0.0018842382818976,1.582808873325348,full_source,off_diagonal,17.27051170001505,1.766937255859375
lanl,cert62,random_forest,3,3.78436155468262e-05,0.5529791925928023,3.156361862540441e-05,1.1989631479188907,full_source,off_diagonal,18.13541869999608,2.3758773803710938
lanl,spedia,random_forest,3,0.3817096267553584,0.591533501541912,0.3203125,1.1916788347484362,full_source,off_diagonal,16.11781249998603,1.7912635803222656
cert42,cert52,random_forest,4,0.6002141520373119,0.991841432228908,0.0018842382818976,318.5447179391961,full_source,off_diagonal,12.832241200027056,1.7414512634277344
cert42,cert62,random_forest,4,0.0995206525570248,0.9931456362637252,3.156361862540441e-05,3153.017837977687,full_source,off_diagonal,13.992162900045514,2.3543701171875
cert42,spedia,random_forest,4,0.4559376207796162,0.6499859826184469,0.3203125,1.4234150112144115,full_source,off_diagonal,11.740952200023456,1.7891769409179688
cert42,lanl,random_forest,4,0.0010556230825977,0.7408677376480158,0.0004515854240541,2.337593346394787,full_source,off_diagonal,12.238552900031207,1.342559814453125
cert52,cert42,random_forest,4,0.9467755541719124,0.99956906653866,0.0029232687349448,323.87564744018306,full_source,off_diagonal,33.635906400042586,1.739177703857422
cert52,cert62,random_forest,4,0.3527884293587559,0.9970196954718996,3.156361862540441e-05,11177.059054781805,full_source,off_diagonal,35.268234899966046,2.540363311767578
cert52,spedia,random_forest,4,0.4727206736353078,0.6828567423605271,0.3203125,1.4758108835443755,full_source,off_diagonal,33.168098099995404,1.8561515808105469
cert52,lanl,random_forest,4,0.0065477979584561,0.9117946084320336,0.0004515854240541,14.499577731436291,full_source,off_diagonal,33.48469080001814,1.7969207763671875
cert62,cert42,random_forest,4,0.2357140139841256,0.8143449127720346,0.0029232687349448,80.63371361188644,full_source,off_diagonal,49.560858299955726,2.3610153198242188
cert62,cert52,random_forest,4,0.274217449798646,0.8297194043020832,0.0018842382818976,145.53225695132443,full_source,off_diagonal,49.82248720002826,2.5083580017089844
cert62,spedia,random_forest,4,0.4811061182212097,0.648829548640314,0.3203125,1.501989832495484,full_source,off_diagonal,48.95822510001017,2.2241287231445312
cert62,lanl,random_forest,4,0.0157664991294723,0.9289482045336698,0.0004515854240541,34.91365816887659,full_source,off_diagonal,49.698231899994425,2.4005699157714844
spedia,cert42,random_forest,4,0.0695378945461782,0.9666791938642773,0.0029232687349448,23.78771876663944,full_source,off_diagonal,1.4703129000263289,1.8158035278320312
spedia,cert52,random_forest,4,0.0392867109112393,0.932976950923218,0.0018842382818976,20.85018189508055,full_source,off_diagonal,2.0162539999582805,1.4849624633789062
spedia,cert62,random_forest,4,0.0530708071370521,0.9980267387505084,3.156361862540441e-05,1681.3917240255023,full_source,off_diagonal,3.2180082999984734,2.195350646972656
spedia,lanl,random_forest,4,0.0034730534634778,0.8742279499447164,0.0004515854240541,7.690800629255346,full_source,off_diagonal,1.601790999993682,1.7383575439453125
lanl,cert42,random_forest,4,0.0029734683632114,0.5104531282673311,0.0029232687349448,1.017172430186296,full_source,off_diagonal,16.598719500005245,1.365825653076172
lanl,cert52,random_forest,4,0.0056820896552843,0.6278046016225464,0.0018842382818976,3.015589753097399,full_source,off_diagonal,17.26551609998569,1.7513046264648438
lanl,cert62,random_forest,4,8.542138911661211e-05,0.7052216644647521,3.156361862540441e-05,2.706324332782919,full_source,off_diagonal,18.46005629998399,2.374359130859375
lanl,spedia,random_forest,4,0.3359863497782706,0.505116344266891,0.3203125,1.0489329944297228,full_source,off_diagonal,16.154971699987072,1.789794921875
cert42,cert42,random_forest,0,0.9730353381301085,0.9998731029098656,0.0024346267075493,399.6651047624199,user_disjoint,diagonal,7.471165099996142,1.1230964660644531
cert52,cert52,random_forest,0,0.9683800711701216,0.999883694044802,0.0019916581275527,486.218019937004,user_disjoint,diagonal,20.591743999975733,1.7534866333007812
cert62,cert62,random_forest,0,0.024916261449912,0.6110243555623268,2.142392957716304e-05,1163.010798750558,user_disjoint,diagonal,31.56163089995971,2.6671714782714844
spedia,spedia,random_forest,0,0.9728811422370198,0.9886621315192744,0.3552631578947368,2.7384802522227227,user_disjoint,diagonal,0.8430568999610841,0.6485137939453125
lanl,lanl,random_forest,0,0.0572298766561217,0.9345980038406172,0.0004988946902122,114.71334086915088,user_disjoint,diagonal,10.193434899963904,1.2048301696777344
cert42,cert42,random_forest,1,0.9202329067006434,0.9994981269855536,0.0024802089449494,371.03039587633856,user_disjoint,diagonal,7.499507099972106,1.1624794006347656
cert52,cert52,random_forest,1,0.9507490650174631,0.9998557978534895,0.0018223607024022,521.7128879942265,user_disjoint,diagonal,20.6131299000117,1.7719688415527344
cert62,cert62,random_forest,1,0.0049261083743842,0.9995381431684572,2.386851313484278e-06,2063.852216748769,user_disjoint,diagonal,32.688876800006256,2.6593475341796875
spedia,spedia,random_forest,1,0.9744158189591626,0.9929453262786596,0.2222222222222222,4.384871185316232,user_disjoint,diagonal,0.8884244000073522,1.734954833984375
lanl,lanl,random_forest,1,0.0367453225336208,0.905901873163213,0.0003880548105861,94.69106304369488,user_disjoint,diagonal,10.362908600014634,1.2613754272460938
cert42,cert42,random_forest,2,0.9927731249849188,0.9999761881568552,0.0031961249466485,310.617745412595,user_disjoint,diagonal,7.559134099981748,1.2093124389648438
cert52,cert52,random_forest,2,0.9256832705524818,0.9997588141453594,0.0019669438848096,470.6200709137474,user_disjoint,diagonal,20.69622260000324,1.7858428955078125
cert62,cert62,random_forest,2,2.144542140253056e-05,0.499913025036875,2.144542140253056e-05,1.0,user_disjoint,diagonal,31.4639720999985,2.670696258544922
spedia,spedia,random_forest,2,0.9999999999999998,1.0,0.4576271186440678,2.1851851851851847,user_disjoint,diagonal,0.8255820999620482,0.6479339599609375
lanl,lanl,random_forest,2,0.1103268803989501,0.9098889933919834,0.0004986373444982,221.2567542649084,user_disjoint,diagonal,10.169205100042744,1.2017097473144531
cert42,cert42,random_forest,3,0.9886869148681462,0.9999732420301276,0.0023139961399715,427.26385657684,user_disjoint,diagonal,7.574191300023813,1.1944046020507812
cert52,cert52,random_forest,3,0.937188458657189,0.999803006244762,0.0021162745854222,442.8482320360986,user_disjoint,diagonal,21.102730199985672,1.7827835083007812
cert62,cert62,random_forest,3,0.104040404040404,0.9999299452299072,7.164641063423791e-06,14521.370033670031,user_disjoint,diagonal,31.013651799992655,2.674652099609375
spedia,spedia,random_forest,3,1.0,1.0,0.6037735849056604,1.65625,user_disjoint,diagonal,0.8927286000107415,1.7502670288085938
lanl,lanl,random_forest,3,0.03832868331024,0.9209298888619992,0.00035027765912,109.42371662106336,user_disjoint,diagonal,10.219230799993966,1.2616119384765625
cert42,cert42,random_forest,4,0.922324341104058,0.999098411914463,0.0033029969394248,279.23863025578856,user_disjoint,diagonal,7.578980499994941,1.2074966430664062
cert52,cert52,random_forest,4,0.9418720885507316,0.999773155371064,0.0019733164839971,477.30412034204505,user_disjoint,diagonal,21.39741740003228,1.7816810607910156
cert62,cert62,random_forest,4,0.0051546391752577,0.9995583102142556,2.387506655174801e-06,2159.005154639175,user_disjoint,diagonal,32.26835510000819,2.6706275939941406
spedia,spedia,random_forest,4,1.0000000000000002,1.0,0.423728813559322,2.3600000000000008,user_disjoint,diagonal,0.9030063999816776,1.746246337890625
lanl,lanl,random_forest,4,0.0372227522807664,0.9136367695493184,0.0004744315293639,78.45758550379554,user_disjoint,diagonal,10.48508309997851,1.2871971130371094
cert42,cert42,random_forest,0,0.9968578899036536,0.9999907680393206,0.002956034055132,337.22814802250963,temporal,diagonal,8.873086499981582,1.2283096313476562
cert52,cert52,random_forest,0,0.9753621099999684,0.9999333874215582,0.0022936887343667,425.23734602082834,temporal,diagonal,23.22796769998968,1.7859649658203125
cert62,cert62,random_forest,0,0.5800054278703657,0.8552411002988043,9.151797003508992e-05,6337.612467234352,temporal,diagonal,30.545016599993687,2.674407958984375
spedia,spedia,random_forest,0,0.9942391506926176,0.9963768115942028,0.3947368421052631,2.518739181754631,temporal,diagonal,0.750078700017184,1.1849403381347656
cert42,cert42,random_forest,1,0.99629274309108,0.9999890120543328,0.002956034055132,337.0369638879451,temporal,diagonal,8.99519310001051,1.20550537109375
cert52,cert52,random_forest,1,0.9773539679250872,0.999936036640739,0.0022936887343667,426.105754142329,temporal,diagonal,23.13795730000129,1.7854347229003906
cert62,cert62,random_forest,1,0.6671317552018523,0.8552485162146782,9.151797003508992e-05,7289.625796398893,temporal,diagonal,29.927043499948923,2.6771240234375
spedia,spedia,random_forest,1,0.990286159239626,0.9942028985507246,0.3947368421052631,2.508724936740386,temporal,diagonal,0.9031885999720544,1.7529144287109375
cert42,cert42,random_forest,2,0.9969983812979272,0.9999911331451102,0.002956034055132,337.2756750102416,temporal,diagonal,8.813513100030832,1.210693359375
cert52,cert52,random_forest,2,0.977401479652843,0.9988695272290058,0.0022936887343667,426.12646825538366,temporal,diagonal,22.818144299963024,1.7983512878417969
cert62,cert62,random_forest,2,0.783746802468552,0.934199624285616,9.151797003508992e-05,8563.856936162887,temporal,diagonal,30.24828709999565,2.6990928649902344
spedia,spedia,random_forest,2,0.9916237660772328,0.994927536231884,0.3947368421052631,2.51211354072899,temporal,diagonal,0.8599874000065029,1.7748680114746094
cert42,cert42,random_forest,3,0.997246653576042,0.9999918285847096,0.002956034055132,337.35966331128424,temporal,diagonal,8.836312600004021,1.2116470336914062
cert52,cert52,random_forest,3,0.9761164108643428,0.9999343452161852,0.0022936887343667,425.5662053176774,temporal,diagonal,22.90056310000364,1.794281005859375
cert62,cert62,random_forest,3,0.6885042609417199,0.8815650662951187,9.151797003508992e-05,7523.159229577895,temporal,diagonal,29.82706770004006,2.707462310791016
spedia,spedia,random_forest,3,0.9929570994105662,0.9956521739130436,0.3947368421052631,2.5154913185067675,temporal,diagonal,0.9447173000080512,1.7832679748535156
cert42,cert42,random_forest,4,0.9970165414186556,0.9999910462151604,0.002956034055132,337.2818184173844,temporal,diagonal,9.10028329998022,1.2217025756835938
cert52,cert52,random_forest,4,0.975172077953497,0.9999163916615826,0.0022936887343667,425.1544960492415,temporal,diagonal,23.432963499973997,1.7970809936523438
cert62,cert62,random_forest,4,0.6700074505576256,0.8815572066919702,9.151797003508992e-05,7321.047989818072,temporal,diagonal,30.14259219996165,2.71548080444336
spedia,spedia,random_forest,4,0.9930011911213246,0.9956521739130436,0.3947368421052631,2.515603017507356,temporal,diagonal,0.9080649000243284,1.791290283203125
cert42,cert52,day_gnn_zero_shot,0,0.46028237489911805,0.9064191421270792,0.001884238281897617,244.28034358561462,full_source,off_diagonal,737.6339568999829,7.641895294189453
cert42,cert62,day_gnn_zero_shot,0,0.023007957308672854,0.815123596662655,3.156361862540441e-05,728.9391492696146,full_source,off_diagonal,1067.9415177000337,8.238773345947266
cert42,spedia,day_gnn_zero_shot,0,0.6386512518776724,0.761354079058032,0.3203125,1.9938380546424892,full_source,off_diagonal,951.0875386999687,2.275714874267578
cert42,lanl,day_gnn_zero_shot,0,0.0074408362160495786,0.9154776127361686,0.00045158542405410813,16.47713991574279,full_source,off_diagonal,973.7984588000108,5.847370147705078
cert52,cert42,day_gnn_zero_shot,0,0.8619226481395159,0.9947783450121677,0.0029232687349448633,294.84892642132434,full_source,off_diagonal,2311.3786602000473,6.657203674316406
cert52,cert62,day_gnn_zero_shot,0,0.10794077850862752,0.999855350587004,3.156361862540441e-05,3419.78465110936,full_source,off_diagonal,1911.3414257999975,10.14205551147461
cert52,spedia,day_gnn_zero_shot,0,0.6155790645691464,0.7286935800392486,0.3203125,1.9218078113378227,full_source,off_diagonal,1855.2444556999835,6.043895721435547
cert52,lanl,day_gnn_zero_shot,0,0.009115611069718038,0.9116880639492092,0.00045158542405410813,20.185795608464595,full_source,off_diagonal,1935.7980846999562,9.53866958618164
cert62,cert42,day_gnn_zero_shot,0,0.4030494269563174,0.8907462007232823,0.0029232687349448633,137.8762828535911,full_source,off_diagonal,1654.9836206000182,7.9216461181640625
cert62,cert52,day_gnn_zero_shot,0,0.26517694674671427,0.9295248389885069,0.001884238281897617,140.7342952822583,full_source,off_diagonal,1643.295439300011,10.180793762207031
cert62,spedia,day_gnn_zero_shot,0,0.5113203248140017,0.6032380151387721,0.3203125,1.5963171116144443,full_source,off_diagonal,1341.4742009000038,5.683815002441406
cert62,lanl,day_gnn_zero_shot,0,0.0005307308653097272,0.5626365898811299,0.00045158542405410813,1.1752612840004686,full_source,off_diagonal,2485.267841599998,9.078758239746094
spedia,cert42,day_gnn_zero_shot,0,0.2602725388000765,0.9609219565642799,0.0029232687349448633,89.03476293122452,full_source,off_diagonal,13.350676500005648,4.096923828125
spedia,cert52,day_gnn_zero_shot,0,0.020625134688001128,0.6811367231929817,0.001884238281897617,10.946139289362888,full_source,off_diagonal,33.33294160000514,6.156360626220703
spedia,cert62,day_gnn_zero_shot,0,0.009459597673735418,0.8070918776811172,3.156361862540441e-05,299.69940348099794,full_source,off_diagonal,35.27959730004659,5.978218078613281
spedia,lanl,day_gnn_zero_shot,0,0.015709540861367107,0.8962712304284859,0.00045158542405410813,34.787528614928945,full_source,off_diagonal,26.6825401999522,5.199771881103516
lanl,cert42,day_gnn_zero_shot,0,0.002096936676050501,0.3750891013896053,0.0029232687349448633,0.7173260025613252,full_source,off_diagonal,557.4447227000492,6.171482086181641
lanl,cert52,day_gnn_zero_shot,0,0.00120765767548025,0.3035778738228883,0.001884238281897617,0.6409261965869931,full_source,off_diagonal,619.5450679000351,9.676918029785156
lanl,cert62,day_gnn_zero_shot,0,2.024960459199063e-05,0.2800393070758345,3.156361862540441e-05,0.6415488931200195,full_source,off_diagonal,639.8999604000128,9.590511322021484
lanl,spedia,day_gnn_zero_shot,0,0.22657850884255407,0.2283431455004205,0.3203125,0.7073670519962664,full_source,off_diagonal,548.7866470000008,8.061058044433594
cert42,cert52,day_gnn_zero_shot,1,0.4813933780438719,0.9416608344540558,0.001884238281897617,255.48434222398905,full_source,off_diagonal,751.102774500032,7.548057556152344
cert42,cert62,day_gnn_zero_shot,1,0.05436006663526259,0.9211608281694101,3.156361862540441e-05,1722.238102050509,full_source,off_diagonal,464.9941939000273,7.291168212890625
cert42,spedia,day_gnn_zero_shot,1,0.6813253499620509,0.8533431455004206,0.3203125,2.1270645071985976,full_source,off_diagonal,433.13324559998,5.656532287597656
cert42,lanl,day_gnn_zero_shot,1,0.006725172066589703,0.9211306981827143,0.00045158542405410813,14.892358584593964,full_source,off_diagonal,740.4315366999945,6.247852325439453
cert52,cert42,day_gnn_zero_shot,1,0.8716087351512641,0.9943828359471606,0.0029232687349448633,298.1623703397573,full_source,off_diagonal,1711.1974549000151,7.3181610107421875
cert52,cert62,day_gnn_zero_shot,1,0.1729671189586456,0.999907490896152,3.156361862540441e-05,5479.952124989581,full_source,off_diagonal,1728.7988599000382,10.60348129272461
cert52,spedia,day_gnn_zero_shot,1,0.6098642918181572,0.7210190636389122,0.3203125,1.903966569578637,full_source,off_diagonal,1769.2017709999927,8.951152801513672
cert52,lanl,day_gnn_zero_shot,1,0.0007425707524455151,0.5596254283948733,0.00045158542405410813,1.6443638631625577,full_source,off_diagonal,1795.205863500014,9.99606704711914
cert62,cert42,day_gnn_zero_shot,1,0.38517692080846944,0.9390816254627055,0.0029232687349448633,131.76240562629434,full_source,off_diagonal,500.4345336999977,8.224502563476562
cert62,cert52,day_gnn_zero_shot,1,0.39284127810602776,0.9511512692765289,0.001884238281897617,208.48810995942466,full_source,off_diagonal,520.4036950999871,10.535087585449219
cert62,spedia,day_gnn_zero_shot,1,0.595937642999188,0.6980656013456688,0.3203125,1.8604882513145382,full_source,off_diagonal,490.07409910002025,8.75588607788086
cert62,lanl,day_gnn_zero_shot,1,0.0004659184494272793,0.5359092390941621,0.00045158542405410813,1.0317393445618692,full_source,off_diagonal,514.1332282000221,9.618595123291016
spedia,cert42,day_gnn_zero_shot,1,0.004992418369934607,0.5431604058515436,0.0029232687349448633,1.7078205333143175,full_source,off_diagonal,15.817724700027611,7.8224945068359375
spedia,cert52,day_gnn_zero_shot,1,0.007427775460927874,0.6871563200683154,0.001884238281897617,3.9420573991562042,full_source,off_diagonal,37.88144959998317,6.139640808105469
spedia,cert62,day_gnn_zero_shot,1,0.0008675193123710154,0.8902552142591713,3.156361862540441e-05,27.484786287234524,full_source,off_diagonal,37.5371054999996,6.085063934326172
spedia,lanl,day_gnn_zero_shot,1,0.026373475248438687,0.8969663730151951,0.00045158542405410813,58.40196304759089,full_source,off_diagonal,30.319352699967567,5.279560089111328
lanl,cert42,day_gnn_zero_shot,1,0.0018606329184886838,0.2882550161039463,0.0029232687349448633,0.6364905478058205,full_source,off_diagonal,946.1890218000044,6.182502746582031
lanl,cert52,day_gnn_zero_shot,1,0.003049946260022614,0.40679386903037296,0.001884238281897617,1.618662718682805,full_source,off_diagonal,897.66280250001,9.806076049804688
lanl,cert62,day_gnn_zero_shot,1,0.0001289348409984709,0.21219571613393984,3.156361862540441e-05,4.084919493188146,full_source,off_diagonal,972.4032003000029,9.517902374267578
lanl,spedia,day_gnn_zero_shot,1,0.32511636445202124,0.5067984300532661,0.3203125,1.014997430484359,full_source,off_diagonal,798.171379700012,8.009517669677734
cert42,cert52,day_gnn_zero_shot,2,0.5267939960412302,0.9361356584570009,0.001884238281897617,279.57928734506754,full_source,off_diagonal,475.29460189997917,7.479442596435547
cert42,cert62,day_gnn_zero_shot,2,0.3397011947349832,0.8937747340387721,3.156361862540441e-05,10762.428692557134,full_source,off_diagonal,474.2273024999886,7.383491516113281
cert42,spedia,day_gnn_zero_shot,2,0.6042317143679173,0.7778595458368376,0.3203125,1.886381937538864,full_source,off_diagonal,392.969287099957,5.700004577636719
cert42,lanl,day_gnn_zero_shot,2,0.0068316480063748694,0.9234563214001179,0.00045158542405410813,15.128141083571187,full_source,off_diagonal,369.4056947999634,6.274967193603516
cert52,cert42,day_gnn_zero_shot,2,0.8785881306309543,0.9971028436298717,0.0029232687349448633,300.5499015975778,full_source,off_diagonal,1551.6504307000432,7.3371429443359375
cert52,cert62,day_gnn_zero_shot,2,0.1912311819229059,0.9999164662683176,3.156361862540441e-05,6058.594998007955,full_source,off_diagonal,1795.626317700022,10.639785766601562
cert52,spedia,day_gnn_zero_shot,2,0.535625553825868,0.6724488365573311,0.3203125,1.6721968509685634,full_source,off_diagonal,2169.4258980999584,8.963947296142578
cert52,lanl,day_gnn_zero_shot,2,0.002414330076399798,0.861420500926215,0.00045158542405410813,5.346341905204003,full_source,off_diagonal,1819.7999113000114,9.388412475585938
cert62,cert42,day_gnn_zero_shot,2,0.263702997088365,0.8960405676228067,0.0029232687349448633,90.20826376174367,full_source,off_diagonal,1112.0910629999707,6.7451171875
cert62,cert52,day_gnn_zero_shot,2,0.19595623956982405,0.943172142455868,0.001884238281897617,103.99758961084076,full_source,off_diagonal,940.1824325000052,10.184638977050781
cert62,spedia,day_gnn_zero_shot,2,0.45452470120491906,0.6135407905803195,0.3203125,1.419003945225113,full_source,off_diagonal,1244.879327200004,7.909336090087891
cert62,lanl,day_gnn_zero_shot,2,0.0045185133188162955,0.8531241278083405,0.00045158542405410813,10.00588831732287,full_source,off_diagonal,1177.6833835000289,9.554821014404297
spedia,cert42,day_gnn_zero_shot,2,0.09378664416280487,0.9403513819234524,0.0029232687349448633,32.082799313547824,full_source,off_diagonal,20.32501220004633,7.742774963378906
spedia,cert52,day_gnn_zero_shot,2,0.019073558732296846,0.8233911415190855,0.001884238281897617,10.1226893198921,full_source,off_diagonal,56.3600688999868,6.173961639404297
spedia,cert62,day_gnn_zero_shot,2,0.009392664998297441,0.850824725019379,3.156361862540441e-05,297.5788394153776,full_source,off_diagonal,52.48750069999369,5.7227020263671875
spedia,lanl,day_gnn_zero_shot,2,0.02917776004807957,0.9342177663049085,0.00045158542405410813,64.61182866828656,full_source,off_diagonal,39.99010609998368,5.193443298339844
lanl,cert42,day_gnn_zero_shot,2,0.005995788774844225,0.6157364276743038,0.0029232687349448633,2.0510563066509566,full_source,off_diagonal,1232.851233399997,6.078800201416016
lanl,cert52,day_gnn_zero_shot,2,0.002658293559104316,0.5510040776248459,0.001884238281897617,1.4108054085532897,full_source,off_diagonal,1013.8185141999857,9.917800903320312
lanl,cert62,day_gnn_zero_shot,2,2.4036397615793553e-05,0.3284249107158346,3.156361862540441e-05,0.7615222418270993,full_source,off_diagonal,1230.7098323000246,9.515453338623047
lanl,spedia,day_gnn_zero_shot,2,0.6656180797973462,0.7034622932436222,0.3203125,2.0780271759526907,full_source,off_diagonal,1232.6150293999817,5.942523956298828
cert42,cert52,day_gnn_zero_shot,3,0.17514268481018008,0.9776466130902834,0.001884238281897617,92.9514523151466,full_source,off_diagonal,847.5070508000208,7.422885894775391
cert42,cert62,day_gnn_zero_shot,3,0.0007027224833737911,0.9467303672986416,3.156361862540441e-05,22.26368566017951,full_source,off_diagonal,817.4899644000106,7.194664001464844
cert42,spedia,day_gnn_zero_shot,3,0.50330749995335,0.6800182225960191,0.3203125,1.5713014632689952,full_source,off_diagonal,728.1964339999831,5.647468566894531
cert42,lanl,day_gnn_zero_shot,3,0.012331934452922324,0.9437064312554285,0.00045158542405410813,27.308087896665004,full_source,off_diagonal,628.6449753000052,6.299839019775391
cert52,cert42,day_gnn_zero_shot,3,0.8206467206643138,0.9960530734558146,0.0029232687349448633,280.729140928534,full_source,off_diagonal,785.0113782999688,6.824184417724609
cert52,cert62,day_gnn_zero_shot,3,0.061419959251501496,0.999740822881685,3.156361862540441e-05,1945.9099408224,full_source,off_diagonal,1861.1619257000275,10.511871337890625
cert52,spedia,day_gnn_zero_shot,3,0.720210586686315,0.8007429212223156,0.3203125,2.2484623194109346,full_source,off_diagonal,780.1496011000127,8.860820770263672
cert52,lanl,day_gnn_zero_shot,3,0.007564755688057236,0.9171243849736137,0.00045158542405410813,16.751549729273016,full_source,off_diagonal,797.3076892999816,9.875652313232422
cert62,cert42,day_gnn_zero_shot,3,0.41961866547262644,0.9609697362988456,0.0029232687349448633,143.54433461983473,full_source,off_diagonal,646.8111481000087,8.244197845458984
cert62,cert52,day_gnn_zero_shot,3,0.3608849323877382,0.9638410988539465,0.001884238281897617,191.5282880381195,full_source,off_diagonal,674.3217254999909,10.57696533203125
cert62,spedia,day_gnn_zero_shot,3,0.7707966177621978,0.8315110737314271,0.3203125,2.4063894408185686,full_source,off_diagonal,633.2281414000317,8.087913513183594
cert62,lanl,day_gnn_zero_shot,3,0.0019149319510595839,0.7407565405039973,0.00045158542405410813,4.240464481488978,full_source,off_diagonal,664.7286968999542,9.575660705566406
spedia,cert42,day_gnn_zero_shot,3,0.10570334888650262,0.9004227461057388,0.0029232687349448633,36.1592992197128,full_source,off_diagonal,17.241297799977474,8.282474517822266
spedia,cert52,day_gnn_zero_shot,3,0.043124100696794315,0.8253183891230109,0.001884238281897617,22.886755412571294,full_source,off_diagonal,44.05647849995876,6.122646331787109
spedia,cert62,day_gnn_zero_shot,3,0.02978662951115504,0.9930938138832915,3.156361862540441e-05,943.7013501101189,full_source,off_diagonal,45.43609390000347,6.214378356933594
spedia,lanl,day_gnn_zero_shot,3,0.027205789673624532,0.9157090789842766,0.00045158542405410813,60.24505713533567,full_source,off_diagonal,36.29201090004062,5.190620422363281
lanl,cert42,day_gnn_zero_shot,3,0.0025920882281694514,0.38523739919190775,0.0029232687349448633,0.8867088397257262,full_source,off_diagonal,1070.7191737000248,6.114376068115234
lanl,cert52,day_gnn_zero_shot,3,0.027558675472455295,0.561552143152394,0.001884238281897617,14.625897232435456,full_source,off_diagonal,1071.5029409999843,9.684738159179688
lanl,cert62,day_gnn_zero_shot,3,0.0006498493448745178,0.5277393863004094,3.156361862540441e-05,20.588556482921057,full_source,off_diagonal,897.8771648000111,9.657005310058594
lanl,spedia,day_gnn_zero_shot,3,0.46793264036667415,0.6424866834875246,0.3203125,1.4608628772422998,full_source,off_diagonal,833.8595764000202,7.997867584228516
cert42,cert52,day_gnn_zero_shot,4,0.49135961248655646,0.9563166301111402,0.001884238281897617,260.7736066118496,full_source,off_diagonal,1007.6502997000352,7.598751068115234
cert42,cert62,day_gnn_zero_shot,4,0.46474232540179095,0.9598495000464992,3.156361862540441e-05,14723.987478030695,full_source,off_diagonal,1005.8246644000174,7.216423034667969
cert42,spedia,day_gnn_zero_shot,4,0.6554725218902541,0.808242220353238,0.3203125,2.0463532390720127,full_source,off_diagonal,994.4181149999495,5.7093353271484375
cert42,lanl,day_gnn_zero_shot,4,0.01320434751951734,0.9590847381161406,0.00045158542405410813,29.239977236145734,full_source,off_diagonal,620.9554472000455,6.2714385986328125
cert52,cert42,day_gnn_zero_shot,4,0.8548866302722714,0.9952345044139206,0.0029232687349448633,292.4420256177356,full_source,off_diagonal,2137.5768055000226,7.1473846435546875
cert52,cert62,day_gnn_zero_shot,4,0.15694469694780375,0.9998971133768361,3.156361862540441e-05,4972.32902255018,full_source,off_diagonal,1840.2666966000106,10.603324890136719
cert52,spedia,day_gnn_zero_shot,4,0.6984634752037899,0.8255186431174656,0.3203125,2.180568898197198,full_source,off_diagonal,1811.1693465000135,8.969051361083984
cert52,lanl,day_gnn_zero_shot,4,0.004750898167927548,0.8763622014770902,0.00045158542405410813,10.520486080521287,full_source,off_diagonal,1835.9912079999922,10.036285400390625
cert62,cert42,day_gnn_zero_shot,4,0.35211870096208664,0.8969376515794996,0.0029232687349448633,120.4537566980574,full_source,off_diagonal,924.6416948999977,8.319488525390625
cert62,cert52,day_gnn_zero_shot,4,0.3058801993065942,0.9574018564052589,0.001884238281897617,162.33626195012988,full_source,off_diagonal,863.6688491000095,10.357398986816406
cert62,spedia,day_gnn_zero_shot,4,0.4965239097446458,0.6058312307261003,0.3203125,1.55012342554426,full_source,off_diagonal,1110.5337839000276,8.521488189697266
cert62,lanl,day_gnn_zero_shot,4,0.0008125629650681907,0.58650028604386,0.00045158542405410813,1.7993560504531052,full_source,off_diagonal,878.861708100012,9.539997100830078
spedia,cert42,day_gnn_zero_shot,4,0.022791581796878797,0.8984531465277827,0.0029232687349448633,7.7966084761306345,full_source,off_diagonal,17.90684140002122,7.955104827880859
spedia,cert52,day_gnn_zero_shot,4,0.027378520069714963,0.7936158777816281,0.001884238281897617,14.530285438284402,full_source,off_diagonal,43.70757450000383,6.223369598388672
spedia,cert62,day_gnn_zero_shot,4,0.0007413029986878671,0.8270630752960846,3.156361862540441e-05,23.48599530001985,full_source,off_diagonal,45.47068049997324,6.120822906494141
spedia,lanl,day_gnn_zero_shot,4,0.03199107646484493,0.9087866119222008,0.00045158542405410813,70.84169408668029,full_source,off_diagonal,36.083764699986205,5.126312255859375
lanl,cert42,day_gnn_zero_shot,4,0.01398806082279955,0.563614125541346,0.0029232687349448633,4.785075232935567,full_source,off_diagonal,866.4242918000091,6.0602569580078125
lanl,cert52,day_gnn_zero_shot,4,0.008161488483845264,0.7132556007071942,0.001884238281897617,4.331452429480324,full_source,off_diagonal,1213.7262601999682,9.65313720703125
lanl,cert62,day_gnn_zero_shot,4,9.187024941874378e-05,0.6629856744256055,3.156361862540441e-05,2.9106374180050683,full_source,off_diagonal,1137.7273465000326,9.53176498413086
lanl,spedia,day_gnn_zero_shot,4,0.2783768448130099,0.3717409587888983,0.3203125,0.8690789301479334,full_source,off_diagonal,1102.027952799981,7.8509979248046875
cert42,cert42,day_gnn_zero_shot,0,0.9203945153903786,0.993267489837124,0.0024346267075493803,378.0433823946749,user_disjoint,diagonal,478.26557099999627,4.513881683349609
cert52,cert52,day_gnn_zero_shot,0,0.8630044766234763,0.9994437655176002,0.001991658127552714,433.30954478814533,user_disjoint,diagonal,1645.0480892999913,9.003616333007812
cert62,cert62,day_gnn_zero_shot,0,0.011658566516951945,0.9987732553802988,2.1423929577163042e-05,544.1843185192066,user_disjoint,diagonal,651.5263314999756,8.575145721435547
spedia,spedia,day_gnn_zero_shot,0,0.562262365038123,0.7157974300831444,0.35526315789473684,1.582664434922124,user_disjoint,diagonal,4.68387360003544,7.775321960449219
