source,target,seed,protocol,n,n_positive,base_rate,pr_auc,lift,evaluable,pred_file
cert42,cert42,0,user_disjoint,98167,239,0.0024346267075493,0.6409158176873138,263.25013838874696,True,rf\predictions\rf_cert42_to_cert42_user_disjoint_seed0.parquet
cert42,cert42,0,temporal,98781,292,0.002956034055132,0.6633383255255135,224.40144908813613,True,rf\predictions\rf_cert42_to_cert42_temporal_seed0.parquet
cert42,cert52,0,full_source,693649,1307,0.0018842382818976,0.2498472978518516,132.5985679476963,True,rf\predictions\rf_cert42_to_cert52_full_source_seed0.parquet
cert42,cert62,0,full_source,1394010,44,3.156361862540441e-05,0.0002471814265508,7.83121319150337,True,rf\predictions\rf_cert42_to_cert62_full_source_seed0.parquet
cert42,spedia,0,full_source,256,82,0.3203125,0.2931504436427848,0.915201385031133,True,rf\predictions\rf_cert42_to_spedia_full_source_seed0.parquet
cert42,lanl,0,full_source,389323,158,0.0004058326890525,0.0008977322006789,2.212074642815976,True,rf\predictions\rf_cert42_to_lanl_full_source_seed0.parquet
cert52,cert52,0,user_disjoint,207867,414,0.0019916581275527,0.6448814073160885,323.79121617046707,True,rf\predictions\rf_cert52_to_cert52_user_disjoint_seed0.parquet
cert52,cert52,0,temporal,207090,475,0.0022936887343667,0.8167514380701382,356.08643223146294,True,rf\predictions\rf_cert52_to_cert52_temporal_seed0.parquet
cert52,cert42,0,full_source,330452,966,0.0029232687349448,0.3953147461033932,135.23038144861127,True,rf\predictions\rf_cert52_to_cert42_full_source_seed0.parquet
cert52,cert62,0,full_source,1394010,44,3.156361862540441e-05,0.0280080390459934,887.3519661478484,True,rf\predictions\rf_cert52_to_cert62_full_source_seed0.parquet
cert52,spedia,0,full_source,256,82,0.3203125,0.4075270206990515,1.2722794792555754,True,rf\predictions\rf_cert52_to_spedia_full_source_seed0.parquet
cert52,lanl,0,full_source,389323,158,0.0004058326890525,0.000798070489134,1.9665012470959,True,rf\predictions\rf_cert52_to_lanl_full_source_seed0.parquet
cert62,cert62,0,user_disjoint,420091,9,2.142392957716304e-05,0.0001614936354076,7.538002532446977,True,rf\predictions\rf_cert62_to_cert62_user_disjoint_seed0.parquet
cert62,cert62,0,temporal,415219,38,9.151797003508992e-05,0.0002087268272829,2.2807195920423067,True,rf\predictions\rf_cert62_to_cert62_temporal_seed0.parquet
cert62,cert42,0,full_source,330452,966,0.0029232687349448,0.0163020602291224,5.576654665459605,True,rf\predictions\rf_cert62_to_cert42_full_source_seed0.parquet
cert62,cert52,0,full_source,693649,1307,0.0018842382818976,0.1494318184626803,79.30622145739841,True,rf\predictions\rf_cert62_to_cert52_full_source_seed0.parquet
cert62,spedia,0,full_source,256,82,0.3203125,0.3113350232453248,0.9719727554975996,True,rf\predictions\rf_cert62_to_spedia_full_source_seed0.parquet
cert62,lanl,0,full_source,389323,158,0.0004058326890525,0.0004046081151438,0.9969825646339128,True,rf\predictions\rf_cert62_to_lanl_full_source_seed0.parquet
spedia,spedia,0,user_disjoint,76,27,0.3552631578947368,0.9728811422370198,2.7384802522227227,True,rf\predictions\rf_spedia_to_spedia_user_disjoint_seed0.parquet
spedia,spedia,0,temporal,76,30,0.3947368421052631,0.9942391506926176,2.518739181754631,True,rf\predictions\rf_spedia_to_spedia_temporal_seed0.parquet
spedia,cert42,0,full_source,330452,966,0.0029232687349448,0.0077418412091564,2.6483508398013984,True,rf\predictions\rf_spedia_to_cert42_full_source_seed0.parquet
spedia,cert52,0,full_source,693649,1307,0.0018842382818976,0.0040846662824716,2.16780771397871,True,rf\predictions\rf_spedia_to_cert52_full_source_seed0.parquet
spedia,cert62,0,full_source,1394010,44,3.156361862540441e-05,0.0001929152400121,6.111949402940162,True,rf\predictions\rf_spedia_to_cert62_full_source_seed0.parquet
spedia,lanl,0,full_source,389323,158,0.0004058326890525,0.000812155574157,2.0012078771995885,True,rf\predictions\rf_spedia_to_lanl_full_source_seed0.parquet
lanl,lanl,0,user_disjoint,115297,48,0.0004163161227091,0.0007404409877523,1.7785546784351554,True,rf\predictions\rf_lanl_to_lanl_user_disjoint_seed0.parquet
lanl,lanl,0,temporal,116299,0,0.0,,,False,
lanl,cert42,0,full_source,330452,966,0.0029232687349448,0.003033842524688,1.037825393341845,True,rf\predictions\rf_lanl_to_cert42_full_source_seed0.parquet
lanl,cert52,0,full_source,693649,1307,0.0018842382818976,0.0019100648391295,1.0137066301433832,True,rf\predictions\rf_lanl_to_cert52_full_source_seed0.parquet
lanl,cert62,0,full_source,1394010,44,3.156361862540441e-05,3.103074126770443e-05,0.9831173553316512,True,rf\predictions\rf_lanl_to_cert62_full_source_seed0.parquet
lanl,spedia,0,full_source,256,82,0.3203125,0.3245136469221835,1.0131157757570608,True,rf\predictions\rf_lanl_to_spedia_full_source_seed0.parquet
cert42,cert42,1,user_disjoint,98782,245,0.0024802089449494,0.481798934442675,194.2573973147605,True,rf\predictions\rf_cert42_to_cert42_user_disjoint_seed1.parquet
cert42,cert42,1,temporal,98781,292,0.002956034055132,0.6691067128845192,226.35284316933456,True,rf\predictions\rf_cert42_to_cert42_temporal_seed1.parquet
cert42,cert52,1,full_source,693649,1307,0.0018842382818976,0.2498193634210497,132.5837426301819,True,rf\predictions\rf_cert42_to_cert52_full_source_seed1.parquet
cert42,cert62,1,full_source,1394010,44,3.156361862540441e-05,0.0002792197611983,8.846253166093964,True,rf\predictions\rf_cert42_to_cert62_full_source_seed1.parquet
cert42,spedia,1,full_source,256,82,0.3203125,0.3486887446622965,1.0885892516286328,True,rf\predictions\rf_cert42_to_spedia_full_source_seed1.parquet
cert42,lanl,1,full_source,389323,158,0.0004058326890525,0.00084453403243,2.080990652580684,True,rf\predictions\rf_cert42_to_lanl_full_source_seed1.parquet
cert52,cert52,1,user_disjoint,207972,379,0.0018223607024022,0.6331100967031187,347.4120660462823,True,rf\predictions\rf_cert52_to_cert52_user_disjoint_seed1.parquet
cert52,cert52,1,temporal,207090,475,0.0022936887343667,0.8163670014595308,355.9188259626405,True,rf\predictions\rf_cert52_to_cert52_temporal_seed1.parquet
cert52,cert42,1,full_source,330452,966,0.0029232687349448,0.4021883730228025,137.58173109951463,True,rf\predictions\rf_cert52_to_cert42_full_source_seed1.parquet
cert52,cert62,1,full_source,1394010,44,3.156361862540441e-05,0.0295184939971171,935.206268566394,True,rf\predictions\rf_cert52_to_cert62_full_source_seed1.parquet
cert52,spedia,1,full_source,256,82,0.3203125,0.3501855981138583,1.0932623550871674,True,rf\predictions\rf_cert52_to_spedia_full_source_seed1.parquet
cert52,lanl,1,full_source,389323,158,0.0004058326890525,0.0009696991010775,2.3894060957520624,True,rf\predictions\rf_cert52_to_lanl_full_source_seed1.parquet
cert62,cert62,1,user_disjoint,418962,1,2.386851313484278e-06,2.386851313484278e-06,1.0,True,rf\predictions\rf_cert62_to_cert62_user_disjoint_seed1.parquet
cert62,cert62,1,temporal,415219,38,9.151797003508992e-05,9.151797003508992e-05,1.0,True,rf\predictions\rf_cert62_to_cert62_temporal_seed1.parquet
cert62,cert42,1,full_source,330452,966,0.0029232687349448,0.009005422916779,3.080600428256164,True,rf\predictions\rf_cert62_to_cert42_full_source_seed1.parquet
cert62,cert52,1,full_source,693649,1307,0.0018842382818976,0.1386568361507644,73.58773966269439,True,rf\predictions\rf_cert62_to_cert52_full_source_seed1.parquet
cert62,spedia,1,full_source,256,82,0.3203125,0.2870096602196226,0.8960301587344315,True,rf\predictions\rf_cert62_to_spedia_full_source_seed1.parquet
cert62,lanl,1,full_source,389323,158,0.0004058326890525,0.0005482612652207,1.350953927592115,True,rf\predictions\rf_cert62_to_lanl_full_source_seed1.parquet
spedia,spedia,1,user_disjoint,81,18,0.2222222222222222,0.9744158189591626,4.384871185316232,True,rf\predictions\rf_spedia_to_spedia_user_disjoint_seed1.parquet
spedia,spedia,1,temporal,76,30,0.3947368421052631,0.990286159239626,2.508724936740386,True,rf\predictions\rf_spedia_to_spedia_temporal_seed1.parquet
spedia,cert42,1,full_source,330452,966,0.0029232687349448,0.0065704886416559,2.2476512552924444,True,rf\predictions\rf_spedia_to_cert42_full_source_seed1.parquet
spedia,cert52,1,full_source,693649,1307,0.0018842382818976,0.0028370016499676,1.5056490876039854,True,rf\predictions\rf_spedia_to_cert52_full_source_seed1.parquet
spedia,cert62,1,full_source,1394010,44,3.156361862540441e-05,0.0002604497479858,8.251580754312267,True,rf\predictions\rf_spedia_to_cert62_full_source_seed1.parquet
spedia,lanl,1,full_source,389323,158,0.0004058326890525,0.0008334070700426,2.0535730425961973,True,rf\predictions\rf_spedia_to_lanl_full_source_seed1.parquet
lanl,lanl,1,user_disjoint,116981,46,0.0003932262504167,0.0034055287022989,8.660481589644235,True,rf\predictions\rf_lanl_to_lanl_user_disjoint_seed1.parquet
lanl,lanl,1,temporal,116299,0,0.0,,,False,
lanl,cert42,1,full_source,330452,966,0.0029232687349448,0.0029089102450191,0.9950882073365134,True,rf\predictions\rf_lanl_to_cert42_full_source_seed1.parquet
lanl,cert52,1,full_source,693649,1307,0.0018842382818976,0.0019344498457638,1.0266482028035595,True,rf\predictions\rf_lanl_to_cert52_full_source_seed1.parquet
lanl,cert62,1,full_source,1394010,44,3.156361862540441e-05,3.120168359181904e-05,0.9885331578143556,True,rf\predictions\rf_lanl_to_cert62_full_source_seed1.parquet
lanl,spedia,1,full_source,256,82,0.3203125,0.3572472052845528,1.1153083482054331,True,rf\predictions\rf_lanl_to_spedia_full_source_seed1.parquet
cert42,cert42,2,user_disjoint,100747,322,0.0031961249466485,0.5668357686409378,177.35094156294582,True,rf\predictions\rf_cert42_to_cert42_user_disjoint_seed2.parquet
cert42,cert42,2,temporal,98781,292,0.002956034055132,0.6683707868072306,226.1038859301543,True,rf\predictions\rf_cert42_to_cert42_temporal_seed2.parquet
cert42,cert52,2,full_source,693649,1307,0.0018842382818976,0.2503278632014367,132.85361283994902,True,rf\predictions\rf_cert42_to_cert52_full_source_seed2.parquet
cert42,cert62,2,full_source,1394010,44,3.156361862540441e-05,0.0002434347218314,7.71250992227886,True,rf\predictions\rf_cert42_to_cert62_full_source_seed2.parquet
cert42,spedia,2,full_source,256,82,0.3203125,0.3259006208038155,1.0174458405582532,True,rf\predictions\rf_cert42_to_spedia_full_source_seed2.parquet
cert42,lanl,2,full_source,389323,158,0.0004058326890525,0.0006787397437072,1.672461982527502,True,rf\predictions\rf_cert42_to_lanl_full_source_seed2.parquet
cert52,cert52,2,user_disjoint,209462,412,0.0019669438848096,0.5602231908574697,284.81910194996925,True,rf\predictions\rf_cert52_to_cert52_user_disjoint_seed2.parquet
cert52,cert52,2,temporal,207090,475,0.0022936887343667,0.8146970138142777,355.1907465069448,True,rf\predictions\rf_cert52_to_cert52_temporal_seed2.parquet
cert52,cert42,2,full_source,330452,966,0.0029232687349448,0.3818770657798186,130.63358192657623,True,rf\predictions\rf_cert52_to_cert42_full_source_seed2.parquet
cert52,cert62,2,full_source,1394010,44,3.156361862540441e-05,0.0802925639089365,2543.832659424924,True,rf\predictions\rf_cert52_to_cert62_full_source_seed2.parquet
cert52,spedia,2,full_source,256,82,0.3203125,0.34190193177079,1.0674011528453933,True,rf\predictions\rf_cert52_to_spedia_full_source_seed2.parquet
cert52,lanl,2,full_source,389323,158,0.0004058326890525,0.0010698640342784,2.6362194646670045,True,rf\predictions\rf_cert52_to_lanl_full_source_seed2.parquet
cert62,cert62,2,user_disjoint,419670,9,2.144542140253056e-05,2.144542140253056e-05,1.0,True,rf\predictions\rf_cert62_to_cert62_user_disjoint_seed2.parquet
cert62,cert62,2,temporal,415219,38,9.151797003508992e-05,9.151797003508992e-05,1.0,True,rf\predictions\rf_cert62_to_cert62_temporal_seed2.parquet
cert62,cert42,2,full_source,330452,966,0.0029232687349448,0.0204260084447981,6.987386483023233,True,rf\predictions\rf_cert62_to_cert42_full_source_seed2.parquet
cert62,cert52,2,full_source,693649,1307,0.0018842382818976,0.1164247936057821,61.788784743578574,True,rf\predictions\rf_cert62_to_cert52_full_source_seed2.parquet
cert62,spedia,2,full_source,256,82,0.3203125,0.2930244745893815,0.91480811579124,True,rf\predictions\rf_cert62_to_spedia_full_source_seed2.parquet
cert62,lanl,2,full_source,389323,158,0.0004058326890525,0.000418033533006,1.0300637289272767,True,rf\predictions\rf_cert62_to_lanl_full_source_seed2.parquet
spedia,spedia,2,user_disjoint,59,27,0.4576271186440678,0.9999999999999998,2.1851851851851847,True,rf\predictions\rf_spedia_to_spedia_user_disjoint_seed2.parquet
spedia,spedia,2,temporal,76,30,0.3947368421052631,0.9916237660772328,2.51211354072899,True,rf\predictions\rf_spedia_to_spedia_temporal_seed2.parquet
spedia,cert42,2,full_source,330452,966,0.0029232687349448,0.0108749073082443,3.720118912861248,True,rf\predictions\rf_spedia_to_cert42_full_source_seed2.parquet
spedia,cert52,2,full_source,693649,1307,0.0018842382818976,0.0040534500528935,2.1512406853401447,True,rf\predictions\rf_spedia_to_cert52_full_source_seed2.parquet
spedia,cert62,2,full_source,1394010,44,3.156361862540441e-05,0.0002721494358822,8.622250798049507,True,rf\predictions\rf_spedia_to_cert62_full_source_seed2.parquet
spedia,lanl,2,full_source,389323,158,0.0004058326890525,0.0007732987829003,1.9054620383234853,True,rf\predictions\rf_spedia_to_lanl_full_source_seed2.parquet
lanl,lanl,2,user_disjoint,115544,41,0.0003548431766253,0.0074824701135842,21.086695775706687,True,rf\predictions\rf_lanl_to_lanl_user_disjoint_seed2.parquet
lanl,lanl,2,temporal,116299,0,0.0,,,False,
lanl,cert42,2,full_source,330452,966,0.0029232687349448,0.0028392091007164,0.9712446436334876,True,rf\predictions\rf_lanl_to_cert42_full_source_seed2.parquet
lanl,cert52,2,full_source,693649,1307,0.0018842382818976,0.0018556567655078,0.9848312622323864,True,rf\predictions\rf_lanl_to_cert52_full_source_seed2.parquet
lanl,cert62,2,full_source,1394010,44,3.156361862540441e-05,0.0001080043116201,3.421797510036052,True,rf\predictions\rf_lanl_to_cert62_full_source_seed2.parquet
lanl,spedia,2,full_source,256,82,0.3203125,0.3674098069105691,1.1470354947451915,True,rf\predictions\rf_lanl_to_spedia_full_source_seed2.parquet
cert42,cert42,3,user_disjoint,98963,229,0.0023139961399715,0.5968504269183508,257.9306061096976,True,rf\predictions\rf_cert42_to_cert42_user_disjoint_seed3.parquet
cert42,cert42,3,temporal,98781,292,0.002956034055132,0.6654248348301883,225.1072966074001,True,rf\predictions\rf_cert42_to_cert42_temporal_seed3.parquet
cert42,cert52,3,full_source,693649,1307,0.0018842382818976,0.2471947491738705,131.19081145348594,True,rf\predictions\rf_cert42_to_cert52_full_source_seed3.parquet
cert42,cert62,3,full_source,1394010,44,3.156361862540441e-05,0.0002364342453626,7.490720508590422,True,rf\predictions\rf_cert42_to_cert62_full_source_seed3.parquet
cert42,spedia,3,full_source,256,82,0.3203125,0.301567408976163,0.941478740218265,True,rf\predictions\rf_cert42_to_spedia_full_source_seed3.parquet
cert42,lanl,3,full_source,389323,158,0.0004058326890525,0.0008170957765223,2.0133808797659607,True,rf\predictions\rf_cert42_to_lanl_full_source_seed3.parquet
cert52,cert52,3,user_disjoint,207440,439,0.0021162745854222,0.6655098593058477,314.47235811937367,True,rf\predictions\rf_cert52_to_cert52_user_disjoint_seed3.parquet
cert52,cert52,3,temporal,207090,475,0.0022936887343667,0.813220970498299,354.54722269577417,True,rf\predictions\rf_cert52_to_cert52_temporal_seed3.parquet
cert52,cert42,3,full_source,330452,966,0.0029232687349448,0.3878723761559918,132.68447458126275,True,rf\predictions\rf_cert52_to_cert42_full_source_seed3.parquet
cert52,cert62,3,full_source,1394010,44,3.156361862540441e-05,0.0718526400006325,2276.4386065291305,True,rf\predictions\rf_cert52_to_cert62_full_source_seed3.parquet
cert52,spedia,3,full_source,256,82,0.3203125,0.3544614081025143,1.1066112252956544,True,rf\predictions\rf_cert52_to_spedia_full_source_seed3.parquet
cert52,lanl,3,full_source,389323,158,0.0004058326890525,0.0009052745461713,2.230659507209252,True,rf\predictions\rf_cert52_to_lanl_full_source_seed3.parquet
cert62,cert62,3,user_disjoint,418723,3,7.164641063423791e-06,0.0003322158510822,46.36880593756821,True,rf\predictions\rf_cert62_to_cert62_user_disjoint_seed3.parquet
cert62,cert62,3,temporal,415219,38,9.151797003508992e-05,0.0006611919822652,7.224722991689751,True,rf\predictions\rf_cert62_to_cert62_temporal_seed3.parquet
cert62,cert42,3,full_source,330452,966,0.0029232687349448,0.0134856045347493,4.613193571135599,True,rf\predictions\rf_cert62_to_cert42_full_source_seed3.parquet
cert62,cert52,3,full_source,693649,1307,0.0018842382818976,0.12679771305282,67.2938843621848,True,rf\predictions\rf_cert62_to_cert52_full_source_seed3.parquet
cert62,spedia,3,full_source,256,82,0.3203125,0.2909683340473623,0.9083889453185944,True,rf\predictions\rf_cert62_to_spedia_full_source_seed3.parquet
cert62,lanl,3,full_source,389323,158,0.0004058326890525,0.0004617001052492,1.137661203012291,True,rf\predictions\rf_cert62_to_lanl_full_source_seed3.parquet
spedia,spedia,3,user_disjoint,53,32,0.6037735849056604,1.0,1.65625,True,rf\predictions\rf_spedia_to_spedia_user_disjoint_seed3.parquet
spedia,spedia,3,temporal,76,30,0.3947368421052631,0.9929570994105662,2.5154913185067675,True,rf\predictions\rf_spedia_to_spedia_temporal_seed3.parquet
spedia,cert42,3,full_source,330452,966,0.0029232687349448,0.0083785690721084,2.866164500016956,True,rf\predictions\rf_spedia_to_cert42_full_source_seed3.parquet
spedia,cert52,3,full_source,693649,1307,0.0018842382818976,0.003434122973315,1.822552384328244,True,rf\predictions\rf_spedia_to_cert52_full_source_seed3.parquet
spedia,cert62,3,full_source,1394010,44,3.156361862540441e-05,0.0003145510710067,9.965621329410492,True,rf\predictions\rf_spedia_to_cert62_full_source_seed3.parquet
spedia,lanl,3,full_source,389323,158,0.0004058326890525,0.0008967067149744,2.20954777464551,True,rf\predictions\rf_spedia_to_lanl_full_source_seed3.parquet
lanl,lanl,3,user_disjoint,117885,52,0.0004411078593544,0.0026353000361378,5.974275860771276,True,rf\predictions\rf_lanl_to_lanl_user_disjoint_seed3.parquet
lanl,lanl,3,temporal,116299,0,0.0,,,False,
lanl,cert42,3,full_source,330452,966,0.0029232687349448,0.0028988964443647,0.9916626582124368,True,rf\predictions\rf_lanl_to_cert42_full_source_seed3.parquet
lanl,cert52,3,full_source,693649,1307,0.0018842382818976,0.0018560143798235,0.9850210547438628,True,rf\predictions\rf_lanl_to_cert52_full_source_seed3.parquet
lanl,cert62,3,full_source,1394010,44,3.156361862540441e-05,3.1933899909125693e-05,1.0117312684618252,True,rf\predictions\rf_lanl_to_cert62_full_source_seed3.parquet
lanl,spedia,3,full_source,256,82,0.3203125,0.3339925883095038,1.04270856838089,True,rf\predictions\rf_lanl_to_spedia_full_source_seed3.parquet
cert42,cert42,4,user_disjoint,99001,327,0.0033029969394248,0.462007092475282,139.87511976191254,True,rf\predictions\rf_cert42_to_cert42_user_disjoint_seed4.parquet
cert42,cert42,4,temporal,98781,292,0.002956034055132,0.6639935428522867,224.62310327565663,True,rf\predictions\rf_cert42_to_cert42_temporal_seed4.parquet
cert42,cert52,4,full_source,693649,1307,0.0018842382818976,0.2521296333844809,133.80984549924392,True,rf\predictions\rf_cert42_to_cert52_full_source_seed4.parquet
cert42,cert62,4,full_source,1394010,44,3.156361862540441e-05,0.0002293398602,7.265955875398559,True,rf\predictions\rf_cert42_to_cert62_full_source_seed4.parquet
cert42,spedia,4,full_source,256,82,0.3203125,0.3047004008641771,0.9512597880637724,True,rf\predictions\rf_cert42_to_spedia_full_source_seed4.parquet
cert42,lanl,4,full_source,389323,158,0.0004058326890525,0.000889294561523,2.1912837125054287,True,rf\predictions\rf_cert42_to_lanl_full_source_seed4.parquet
cert52,cert52,4,user_disjoint,205745,406,0.0019733164839971,0.6233056234375274,315.8670332368327,True,rf\predictions\rf_cert52_to_cert52_user_disjoint_seed4.parquet
cert52,cert52,4,temporal,207090,475,0.0022936887343667,0.814158188186499,354.9558298769307,True,rf\predictions\rf_cert52_to_cert52_temporal_seed4.parquet
cert52,cert42,4,full_source,330452,966,0.0029232687349448,0.3808579040145441,130.2849442002217,True,rf\predictions\rf_cert52_to_cert42_full_source_seed4.parquet
cert52,cert62,4,full_source,1394010,44,3.156361862540441e-05,0.0479482721442684,1519.0993375416278,True,rf\predictions\rf_cert52_to_cert62_full_source_seed4.parquet
cert52,spedia,4,full_source,256,82,0.3203125,0.362746889336641,1.1324780935387817,True,rf\predictions\rf_cert52_to_spedia_full_source_seed4.parquet
cert52,lanl,4,full_source,389323,158,0.0004058326890525,0.0010951656851642,2.698564493956954,True,rf\predictions\rf_cert52_to_lanl_full_source_seed4.parquet
cert62,cert62,4,user_disjoint,418847,1,2.387506655174801e-06,2.387506655174801e-06,1.0,True,rf\predictions\rf_cert62_to_cert62_user_disjoint_seed4.parquet
cert62,cert62,4,temporal,415219,38,9.151797003508992e-05,0.0001943727602973,2.123875346260388,True,rf\predictions\rf_cert62_to_cert62_temporal_seed4.parquet
cert62,cert42,4,full_source,330452,966,0.0029232687349448,0.0160076596226646,5.475945277048433,True,rf\predictions\rf_cert62_to_cert42_full_source_seed4.parquet
cert62,cert52,4,full_source,693649,1307,0.0018842382818976,0.1456916870466258,77.32126474996552,True,rf\predictions\rf_cert62_to_cert52_full_source_seed4.parquet
cert62,spedia,4,full_source,256,82,0.3203125,0.3264200026511134,1.0190673253498177,True,rf\predictions\rf_cert62_to_spedia_full_source_seed4.parquet
cert62,lanl,4,full_source,389323,158,0.0004058326890525,0.0004014328065204,0.989158383119952,True,rf\predictions\rf_cert62_to_lanl_full_source_seed4.parquet
spedia,spedia,4,user_disjoint,59,25,0.423728813559322,1.0000000000000002,2.3600000000000008,True,rf\predictions\rf_spedia_to_spedia_user_disjoint_seed4.parquet
spedia,spedia,4,temporal,76,30,0.3947368421052631,0.9930011911213246,2.515603017507356,True,rf\predictions\rf_spedia_to_spedia_temporal_seed4.parquet
spedia,cert42,4,full_source,330452,966,0.0029232687349448,0.0103196516607961,3.530175497529416,True,rf\predictions\rf_spedia_to_cert42_full_source_seed4.parquet
spedia,cert52,4,full_source,693649,1307,0.0018842382818976,0.0039470850534528,2.0947908188542543,True,rf\predictions\rf_spedia_to_cert52_full_source_seed4.parquet
spedia,cert62,4,full_source,1394010,44,3.156361862540441e-05,0.0002212985870712,7.011191894619587,True,rf\predictions\rf_spedia_to_cert62_full_source_seed4.parquet
spedia,lanl,4,full_source,389323,158,0.0004058326890525,0.0006370250130648,1.569673982034391,True,rf\predictions\rf_spedia_to_lanl_full_source_seed4.parquet
lanl,lanl,4,user_disjoint,115343,57,0.0004941782336162,0.003765010773271,7.618730484585957,True,rf\predictions\rf_lanl_to_lanl_user_disjoint_seed4.parquet
lanl,lanl,4,temporal,116299,0,0.0,,,False,
lanl,cert42,4,full_source,330452,966,0.0029232687349448,0.0028423219496285,0.9723094957542906,True,rf\predictions\rf_lanl_to_cert42_full_source_seed4.parquet
lanl,cert52,4,full_source,693649,1307,0.0018842382818976,0.0018902213888163,1.0031753451653054,True,rf\predictions\rf_lanl_to_cert52_full_source_seed4.parquet
lanl,cert62,4,full_source,1394010,44,3.156361862540441e-05,4.237851847199423e-05,1.342638148526015,True,rf\predictions\rf_lanl_to_cert62_full_source_seed4.parquet
lanl,spedia,4,full_source,256,82,0.3203125,0.3226442153401797,1.0072795015498297,True,rf\predictions\rf_lanl_to_spedia_full_source_seed4.parquet
